"title","price"
"رژ لب جامد ساتین گلدن رز","118,000"
"پالت صورت و چشم سیتی استایل گلدن رز","399,000"
"ریمل لش پلامپینگ گلدن رز","149,000"
"کانسیلر مایع اچ دی گلدن رز 3ml","157,000"
"بالم لب گلدن رز","105,000"
"پرایمر لب گلدن رز","125,000"
"رژ لب و گونه مایع ولوت گلدن رز","148,000"
"پودر فیکس کننده آرایش گلدن رز","239,000"
"ریمل حجم دهنده اسموکی لش گلدن رز","139,000"
"مداد کانتورینگ گلدن رز","109,000"
"مداد لب دریم گلدن رز","69,000"
"رژ لب مایع مات بادوام گلدن رز","138,000"
"رژ لب مات مخملی گلدن رز","139,000"
"پرایمر مژه گلدن رز","65,000"
"پرایمر سایه چشم گلدن رز","149,000"
"پالت کانتورینگ گلدن رز","239,000"
"مداد چشم کژال گلدن رز","118,000"
"پالت کانسیلر گلدن رز","295,000"
"اسپری فیکساتور آرایش گلدن رز","185,000"
"ریمل اینفینیتی گلدن رز","198,000"
"مداد ابرو دریم گلدن رز","75,000"
"مداد چشم اسموکی افکت گلدن رز","129,000"
"کانسیلر استیکی گلدن رز","115,000"
"کانسیلر مایع گلدن رز","80,000"
"خط چشم پرفکت گلدن رز","112,000"
"پرایمر آرایش مات گلدن رز","395,000"
"بی بی کرم گلدن رز","259,000"
"رژ لب مدادی مات گلدن رز","92,000"
"بالم لب رنگی Glow Kiss حاوی SPF 15 گلدن رز","132,000"
"ریمل حجم دهنده و بلند کننده Miss Beauty گلدن رز","111,860"
"ریمل حجم دهنده و بلند کننده Endless Lashes گلدن رز 13ml","149,000"
"ریمل بلند کننده Mega Lashes گلدن رز 12ml","148,520"
"ریمل حجم دهنده و بلند کننده Lash Loving گلدن رز 12ml","139,000"
"کرم پودر 24 ساعته SPF15 گلدن رز 35ml","389,000"
"هایلایتر استیکی Miss Beauty گلدن رز","145,000"
"رژ لب مدادی براق کرمی Nude Look گلدن رز","135,000"
"رژ لب مایع کرمی مات Soft & Matte گلدن رز","145,000"
"براش مخروطی Face Tapered گلدن رز","135,000"
"مداد چشم رنگی Miss Beauty گلدن رز","72,000"
"براش هایلایتر Tapered Highlighter گلدن رز","95,000"
"رژ گونه استیکی Miss Beauty گلدن رز","158,000"
"ریمل آبی Perfect Lashes گلدن رز","106,950"
"رژ لب مایع براق Nude Look گلدن رز","138,000"
"رژ لب مایع مات Nude Look گلدن رز","159,000"
"پک رژ لب جامد مینی گلدن رز سری MIX2","165,000"
"سایه چشم دایموند بریز گلدن رز","105,000"
"رژ لب جامد دایموند بریز گلدن رز","92,000"
"پالت هایلایتر استروبینگ گلدن رز","332,000"
"ریمل حجم دهنده Nude Look گلدن رز","139,000"
"ریمل حجم دهنده و بلند کننده دراماتیک لشز گلدن رز","149,000"
"رژ لب مدادی اسمارت گلدن رز","105,000"
"خط چشم ضد آب وینیل لاینر گلدن رز","138,000"
"خط چشم ماژیکی اسمارت لاینر گلدن رز","138,000"
"پرایمر رنگی براق گلدن رز","225,000"
"صاف کننده ناخن گلدن رز","145,000"
"سی سی کرم نارنجی گلدن رز","160,000"
"سی سی کرم زرد گلدن رز","160,000"
"روغن زیبایی ناخن گلدن رز","145,000"
"کرم پودر و کانسیلر توتال کاور گلدن رز","299,000"
"سایه چشم خشک و مرطوب گلدن رز","348,000"
"ژل پاک کننده کوتیکول ناخن گلدن رز","135,000"
"براش سایه دو سر سه عددی گلدن رز","125,000"
"مداد چشم دریم گلدن رز","57,000"
"کانسیلر مدادی گلدن رز","88,000"
"پالت پوشاننده قوی گلدن رز","285,000"
"ریمل حجم دهنده آبی اسنشالز گلدن رز","115,000"
"برق لب میوه ای گلدن رز","110,000"
"پاک کننده آرایش دوفاز گلدن رز","335,000"
"مداد چشم True Kohl گلدن رز","125,000"
"استیک پوشاننده موهای سفید گلدن رز","112,000"
"استیک هایلایتر گلدن رز","83,000"
"رژ گونه ساده گلدن رز","145,000"
"کیت 3 رنگ سایه ابرو گلدن رز","195,000"
"پنکیک مینرال تراکوتا گلدن رز","245,000"
"خط چشم اکلیلی گلدن رز","113,000"
"خط چشم ولوم گلدن رز","88,000"
"پرایمر آرایش براق گلدن رز","225,000"
"کرم پودر استیکی گلدن رز","148,000"
"کرم پودر ساتین گلدن رز","255,000"
"رژ گونه تراکوتا استارداست گلدن رز","278,000"
"خط چشم کوزه ای گلدن رز","128,000"
"خط چشم ماژیکی گلدن رز","185,000"
"مداد چشم رنگی دایموند بریز گلدن رز",""
"شانه ابرو و مژه گلدن رز",""
"خط چشم ضد آب فوق مشکی گلدن رز",""
"پد پاک کننده آرایش گلدن رز",""
"ریمل حجم دهنده ضربدر 4 گلدن رز",""
"ریمل حجم دهنده گلدن رز",""
"شیر پاک کن صورت گلدن رز",""
"تونیک پاک کننده صورت گلدن رز",""
"مداد چشم ضد آب گلدن رز",""
"براش Precision Face گلدن رز",""
"براش پودر Large Powder گلدن رز",""
"براش کانتور زاویه دار Angled Contour گلدن رز",""
"براش سایه چشم زاویه دار Angled Eyeshadow گلدن رز",""
"خط چشم مویی آبی Cats Eyes گلدن رز 6ml",""
"پک 4 عددی رژ لب جامد مینی گلدن رز MIX3",""
"پک 4 عددی رژ لب جامد مینی گلدن رز MIX2",""
"پک 4 عددی رژ لب مات مینی Nude گلدن رز",""
"تینت لب Miss Beauty گلدن رز",""
"ژل فیکس مژه و ابرو گلدن رز",""
"کرم براق کننده بدن Diamond Breeze  گلدن رز",""
"ریمل گلیتر دایموند بریز گلدن رز",""
"براش کانتورینگ Kabuki گلدن رز",""
"پک رژ لب جامد مینی گلدن رز سری MIX1",""
"بالم براق کننده و آبرسان لب گلدن رز",""
"هایلایتر مایع دایموند بریز گلدن رز",""
"بالم لب عصاره گیلاس گلدن رز",""
"بالم لب عصاره انار گلدن رز",""
"رژ لب جامد Nude Look گلدن رز",""
"سایه چشم تراکوتا گلدن رز",""
"هایلایتر مدادی Nude Look گلدن رز",""
"پالت صورت سه رنگ Nude Look گلدن رز",""
"خط چشم ماژیکی سو کیوت گلدن رز",""
"مداد چشم سفید گلدن رز",""
"ژل تقویت کننده مژه گلدن رز",""
"ریمل حجم دهنده و بلند کننده پانورامیک لشز گلدن رز",""
"ریمل حجم دهنده و بلند کننده اسنشیال گلدن رز",""
"براش رژ گونه گلدن رز",""
"لاک درمانی افزایش رشد ناخن اکسیژن رسان گلدن رز",""
"پنکیک اچ دی گلدن رز",""
"براش کشویی لب گلدن رز",""
"کرم  پودر اچ دی گلدن رز",""
"مداد چشم متال گلدن رز",""
"سی سی کرم بنفش گلدن رز",""
"سی سی کرم سبز گلدن رز",""
"سایه ابرو گلدن رز",""
"دستمال مرطوب پاک کننده آرایش صورت و چشم گلدن رز",""
"سفت کننده ناخن گلدن رز",""
"براش گرد صورت گلدن رز",""
"براش خط چشم گلدن رز",""
"براش کوچک کابوکی گلدن رز",""
"ژل پاک کننده صورت گلدن رز",""
"هایلایتر و پرایمر رنگی مایع گلدن رز",""
"براش کانسیلر گلدن رز",""
"براش کانتورینگ شماره 4 گلدن رز",""
"براش کانتورینگ شماره 3گلدن رز",""
"براش کانتورینگ شماره 5 گلدن رز",""
"هایلایتر مایع گلدن رز",""
"براش کرم پودر گلدن رز",""
"کیت سه کاره کانتورینگ گلدن رز",""
"بالم لب توت فرنگی گلدن رز",""
"پد اسفنجی حرفه ای آرایش گلدن رز",""
"ریمل حجم دهنده ماکسیم آیز گلدن رز",""
"ست 6 عددی براش آرایشی گلدن رز",""
"پالت حرفه ای سایه چشم گلدن رز",""
"ریمل ضد آب حجم دهنده اسنشالز گلدن رز",""
"ریمل حجم دهنده و حالت دهنده اسنشالز گلدن رز",""
"ریمل ابرو ژله ای بادوام گلدن رز",""
"ریمل حجم دهنده و بلند کننده دفینتیو گلدن رز",""
"اسپری خشک کننده سریع لاک گلدن رز",""
"آب پاک کننده میسلار گلدن رز",""
"مژه مصنوعی گلدن رز",""
"مژه مصنوعی تکی گلدن رز",""
"براش مخروطی گلدن رز",""
"براش سایه چشم گلدن رز",""
"براش پرفکت فینیش گلدن رز",""
"براش شیدر سایه چشم گلدن رز",""
"براش دوتایی سایه چشم گلدن رز",""
"براش بادبزنی گلدن رز",""
"براش پرفکت کانتور گلدن رز",""
"براش کانتورینگ گلدن رز",""
"براش ابرو گلدن رز",""
"براش هایلایتر گلدن رز",""
"بالم لب حاوی ضد آفتاب گلدن رز",""
"ریمل پرفکت لش 4X گلدن رز",""
"براش کابوکی گلدن رز",""
"محلول درمانی 4 در1 ناخن گلدن رز",""
"روغن درمانی جلوگیری از جویدن ناخن گلدن رز",""
"تراش دوقلو گلدن رز",""
"رژ لب ویژن گلدن رز",""
"رژ گونه توپی گلدن رز",""
"رژ گونه بادوام گلدن رز",""
"رژ گونه استیکی گلدن رز",""
"تاپ کت سه بعدی گلدن رز",""
"لاک اکسپرس60 ثانیه ای گلدن رز",""
"تاپ کت ژلی گلدن رز",""
"تاپ کت مات کننده لاک گلدن رز",""
"لاک کالر اکسپرت گلدن رز",""
"لاک کارنوال گلدن رز",""
"تاپ کت خشک کننده سریع لاک گلدن رز",""
"ریمل سه بعدی گلدن رز",""
"ریمل واندر لش گلدن رز",""
"ریمل حجم دهنده میرکل لش گلدن رز",""
"رژ گونه تراکوتا حجیم گلدن رز",""
"پنکیک پاریس گلدن رز",""
"پنکیک برنزه کننده ترا گلدن رز",""
"پنکیک برنزه کننده مینرال گلدن رز",""
"ماژیک ابرو بادوام گلدن رز",""
"مداد ابرو بادوام گلدن رز",""
"خط چشم مات ضد آب گلدن رز",""
"لاک پاک کن اسفنجی گلدن رز",""
"لاک مات ساتین گلدن رز",""
"موس مات کننده گلدن رز",""
"تاپ کت براق کننده ناخن گلدن رز",""
"لاک ناخن آیس چیک گلدن رز",""
"لاک ریچ کالر گلدن رز",""